,Email,UserId
0,James.Williams0@mail.com,48401
1,Robert.Miller1@mail.com,353620
2,Richard.Rodriguez2@mail.com,925091
3,Jennifer.Martinez3@mail.com,632008
4,Thomas.Taylor4@mail.com,791784
5,Susan.Jackson5@mail.com,138078
6,Daniel.Martin6@mail.com,140802
7,Robert.Moore7@mail.com,573645
8,Linda.Jones8@mail.com,388195
9,Robert.Moore9@mail.com,414663
10,Susan.Taylor10@mail.com,182511
11,Jennifer.Moore11@mail.com,383012
12,Patricia.Wilson12@mail.com,249872
13,Barbara.Johnson13@mail.com,149754
14,Joseph.Rodriguez14@mail.com,183753
15,Susan.Moore15@mail.com,919592
16,Michael.Thompson16@mail.com,701007
17,John.Martinez17@mail.com,30799
18,James.Taylor18@mail.com,460180
19,Barbara.Johnson19@mail.com,372290
20,Maria.Rodriguez20@mail.com,828087
21,Charles.Thompson21@mail.com,587129
22,Maria.Moore22@mail.com,87566
23,Mark.Jones23@mail.com,183586
24,Elizabeth.White24@mail.com,603419
25,William.Martin25@mail.com,663810
26,William.Thomas26@mail.com,907983
27,Patricia.Wilson27@mail.com,377852
28,Mark.Johnson28@mail.com,924724
29,Mary.Anderson29@mail.com,981981
30,Linda.Anderson30@mail.com,399711
31,Michael.Garcia31@mail.com,245896
32,William.Lee32@mail.com,694135
33,Charles.Williams33@mail.com,279944
34,Joseph.Martin34@mail.com,767132
35,Susan.White35@mail.com,453264
36,Charles.Thomas36@mail.com,841186
37,Robert.Thomas37@mail.com,116300
38,Daniel.Anderson38@mail.com,714704
39,Maria.Anderson39@mail.com,611315
40,William.White40@mail.com,895014
41,John.Rodriguez41@mail.com,618649
42,Elizabeth.White42@mail.com,958733
43,Mary.Thomas43@mail.com,640382
44,Barbara.Thomas44@mail.com,183571
45,Patricia.Thomas45@mail.com,161447
46,Susan.Davis46@mail.com,855959
47,Patricia.Wilson47@mail.com,540246
48,Jennifer.Thompson48@mail.com,804776
49,Patricia.Taylor49@mail.com,699912
50,Maria.Jones50@mail.com,134069
51,Maria.Garcia51@mail.com,101327
52,Elizabeth.Wilson52@mail.com,109423
53,Joseph.Jones53@mail.com,648750
54,Patricia.Anderson54@mail.com,996061
55,Richard.Martin55@mail.com,83545
56,Jennifer.Johnson56@mail.com,124617
57,Daniel.Wilson57@mail.com,977215
58,Joseph.Moore58@mail.com,513031
59,David.White59@mail.com,41677
60,William.Martinez60@mail.com,754765
61,David.Jones61@mail.com,552438
62,Patricia.Miller62@mail.com,328029
63,Jennifer.Lee63@mail.com,68493
64,Barbara.Jones64@mail.com,929621
65,Mary.Thompson65@mail.com,501645
66,Joseph.Rodriguez66@mail.com,353990
67,Barbara.Garcia67@mail.com,572545
68,Barbara.Thomas68@mail.com,891846
69,Daniel.Taylor69@mail.com,79398
70,David.Johnson70@mail.com,379276
71,John.White71@mail.com,710527
72,Mark.Williams72@mail.com,398511
73,William.Johnson73@mail.com,654952
74,Richard.Williams74@mail.com,644097
75,Joseph.Jackson75@mail.com,82476
76,John.Brown76@mail.com,546125
77,Susan.White77@mail.com,848108
78,Joseph.Jones78@mail.com,927752
79,Charles.Williams79@mail.com,951358
80,Richard.Moore80@mail.com,887179
81,Elizabeth.Williams81@mail.com,374011
82,Mary.Thompson82@mail.com,248895
83,Richard.Martin83@mail.com,936753
84,Mary.Lee84@mail.com,265248
85,Richard.Miller85@mail.com,62664
86,David.Thomas86@mail.com,825840
87,Barbara.Garcia87@mail.com,150860
88,Richard.Thomas88@mail.com,699551
89,Mary.Davis89@mail.com,539205
90,Elizabeth.Taylor90@mail.com,104978
91,Daniel.Thompson91@mail.com,714384
92,Daniel.Miller92@mail.com,9406
93,Susan.Jackson93@mail.com,601342
94,David.Martin94@mail.com,565037
95,Patricia.Taylor95@mail.com,278360
96,Thomas.Johnson96@mail.com,705253
97,Maria.Johnson97@mail.com,34437
98,David.Davis98@mail.com,448091
99,John.Moore99@mail.com,321100
100,Joseph.Rodriguez100@mail.com,219916
101,Linda.Martinez101@mail.com,144510
102,Richard.Moore102@mail.com,258682
103,Patricia.Davis103@mail.com,20172
104,Elizabeth.Thompson104@mail.com,358881
105,Susan.Taylor105@mail.com,862084
106,Joseph.Jackson106@mail.com,969150
107,William.Thompson107@mail.com,247498
108,Michael.Williams108@mail.com,707858
109,Linda.Smith109@mail.com,773835
110,Mark.Davis110@mail.com,495434
111,Charles.Miller111@mail.com,676929
112,Maria.Brown112@mail.com,396310
113,Michael.Anderson113@mail.com,250426
114,Susan.Rodriguez114@mail.com,976626
115,Robert.Williams115@mail.com,928663
116,Elizabeth.White116@mail.com,369024
117,Joseph.White117@mail.com,841563
118,Linda.Thomas118@mail.com,885324
119,James.Thompson119@mail.com,722025
120,Charles.Anderson120@mail.com,426255
121,William.Moore121@mail.com,111332
122,Thomas.White122@mail.com,619488
123,Elizabeth.Jones123@mail.com,104420
124,David.Smith124@mail.com,972819
125,Patricia.Williams125@mail.com,502928
126,Michael.Smith126@mail.com,725225
127,Robert.Thomas127@mail.com,44294
128,Linda.White128@mail.com,466111
129,Daniel.Martin129@mail.com,88248
130,Patricia.Garcia130@mail.com,106084
131,William.Jones131@mail.com,139811
132,Michael.Martin132@mail.com,517806
133,Jennifer.Wilson133@mail.com,3734
134,John.Thomas134@mail.com,557406
135,Michael.Moore135@mail.com,901880
136,Richard.Miller136@mail.com,720931
137,John.Anderson137@mail.com,195108
138,Joseph.Smith138@mail.com,749398
139,Barbara.Thompson139@mail.com,679191
140,Patricia.White140@mail.com,499292
141,Joseph.Rodriguez141@mail.com,851012
142,Susan.Brown142@mail.com,178377
143,Maria.Miller143@mail.com,651072
144,James.Jackson144@mail.com,301660
145,Richard.Thompson145@mail.com,407502
146,David.Moore146@mail.com,200593
147,Patricia.Martinez147@mail.com,899515
148,Maria.Thompson148@mail.com,927664
149,Charles.Wilson149@mail.com,520554
150,James.Davis150@mail.com,378515
151,William.Johnson151@mail.com,816440
152,James.Moore152@mail.com,718766
153,Richard.Thomas153@mail.com,681792
154,Mark.Thomas154@mail.com,376181
155,Maria.Brown155@mail.com,818747
156,Charles.Wilson156@mail.com,654665
157,Mary.Jackson157@mail.com,846431
158,Thomas.Brown158@mail.com,194561
159,Michael.Johnson159@mail.com,900916
160,Linda.Johnson160@mail.com,578212
161,Thomas.Anderson161@mail.com,827308
162,Joseph.Brown162@mail.com,218533
163,Elizabeth.Martinez163@mail.com,489826
164,Charles.Miller164@mail.com,746834
165,Barbara.Lee165@mail.com,185843
166,Jennifer.Garcia166@mail.com,416655
167,Joseph.Williams167@mail.com,750759
168,James.Lee168@mail.com,136954
169,Richard.Moore169@mail.com,833281
170,William.Wilson170@mail.com,915283
171,James.White171@mail.com,769667
172,Susan.Thomas172@mail.com,167731
173,Elizabeth.Miller173@mail.com,78689
174,David.Martin174@mail.com,550266
175,Richard.Johnson175@mail.com,715072
176,John.Wilson176@mail.com,44957
177,Michael.Martinez177@mail.com,106794
178,Charles.Moore178@mail.com,122040
179,Jennifer.Jones179@mail.com,37050
180,Charles.White180@mail.com,404511
181,Daniel.Jones181@mail.com,433170
182,Linda.Anderson182@mail.com,513980
183,Charles.Johnson183@mail.com,189819
184,Mark.Taylor184@mail.com,634242
185,Richard.Miller185@mail.com,505167
186,Patricia.Rodriguez186@mail.com,273237
187,Maria.Martinez187@mail.com,467734
188,Richard.Davis188@mail.com,767164
189,David.Davis189@mail.com,514909
190,Susan.Wilson190@mail.com,723217
191,Jennifer.Brown191@mail.com,204079
192,Richard.Anderson192@mail.com,805387
193,Susan.Garcia193@mail.com,283440
194,James.White194@mail.com,1373
195,Michael.Martin195@mail.com,432512
196,William.Johnson196@mail.com,226542
197,Linda.Brown197@mail.com,216286
198,Michael.Lee198@mail.com,810558
199,Linda.Jackson199@mail.com,790055
200,Thomas.Williams200@mail.com,307787
201,Linda.White201@mail.com,536913
202,Mark.Jones202@mail.com,228484
203,William.Williams203@mail.com,660998
204,Mary.Jones204@mail.com,80975
205,Barbara.Taylor205@mail.com,139054
206,Thomas.White206@mail.com,881801
207,Jennifer.Johnson207@mail.com,703803
208,John.Brown208@mail.com,97212
209,Maria.Davis209@mail.com,490903
210,Mark.Thompson210@mail.com,142114
211,Susan.Jones211@mail.com,60716
212,Susan.Thompson212@mail.com,984329
213,Thomas.Taylor213@mail.com,454041
214,Susan.Johnson214@mail.com,258444
215,Joseph.Moore215@mail.com,599933
216,Charles.Moore216@mail.com,742464
217,Maria.Taylor217@mail.com,607368
218,Jennifer.Taylor218@mail.com,102993
219,James.Moore219@mail.com,52801
220,John.Taylor220@mail.com,512430
221,Mary.Davis221@mail.com,398386
222,Thomas.Brown222@mail.com,79786
223,John.Williams223@mail.com,116278
224,John.Lee224@mail.com,878808
225,Daniel.Moore225@mail.com,396778
226,Thomas.Wilson226@mail.com,126907
227,Jennifer.Smith227@mail.com,429979
228,Susan.Thompson228@mail.com,854755
229,Charles.Smith229@mail.com,355276
230,Jennifer.Moore230@mail.com,768617
231,Elizabeth.Jackson231@mail.com,59025
232,James.Martinez232@mail.com,224160
233,Charles.Jackson233@mail.com,341366
234,Thomas.Davis234@mail.com,566266
235,Robert.Miller235@mail.com,377831
236,Mary.Jackson236@mail.com,712989
237,John.Martin237@mail.com,493127
238,Linda.Martinez238@mail.com,799775
239,Linda.Miller239@mail.com,733905
240,Linda.Thompson240@mail.com,764333
241,Barbara.Taylor241@mail.com,607930
242,Joseph.Johnson242@mail.com,598857
243,Mark.Brown243@mail.com,828564
244,Michael.Smith244@mail.com,419211
245,Maria.Jackson245@mail.com,922204
246,Mary.Smith246@mail.com,61270
247,Daniel.White247@mail.com,175741
248,David.Thomas248@mail.com,141076
249,Thomas.Johnson249@mail.com,899817
250,Joseph.Taylor250@mail.com,15479
251,Patricia.Johnson251@mail.com,968345
252,Robert.Martinez252@mail.com,427320
253,David.White253@mail.com,529080
254,Jennifer.Anderson254@mail.com,911026
255,Linda.Lee255@mail.com,501192
256,Maria.Brown256@mail.com,363685
257,Joseph.Rodriguez257@mail.com,336799
258,Jennifer.Moore258@mail.com,376601
259,Thomas.Thomas259@mail.com,692519
260,James.Moore260@mail.com,833213
261,Mark.Garcia261@mail.com,544631
262,Richard.Martin262@mail.com,568183
263,Jennifer.Williams263@mail.com,378302
264,Joseph.Smith264@mail.com,422210
265,Mark.Moore265@mail.com,441220
266,Linda.Martin266@mail.com,763970
267,Mary.White267@mail.com,565463
268,Michael.Johnson268@mail.com,931311
269,Mark.Taylor269@mail.com,572295
270,Barbara.Jackson270@mail.com,208591
271,Michael.Taylor271@mail.com,668119
272,Thomas.Johnson272@mail.com,691077
273,Richard.Martin273@mail.com,964855
274,Thomas.Thomas274@mail.com,623410
275,Robert.Williams275@mail.com,197141
276,Patricia.Smith276@mail.com,111398
277,Charles.Thomas277@mail.com,734566
278,Richard.Martin278@mail.com,528703
279,Michael.Jackson279@mail.com,968742
280,Michael.Jones280@mail.com,501235
281,David.Anderson281@mail.com,107126
282,Michael.Thompson282@mail.com,584971
283,Michael.Williams283@mail.com,249269
284,John.Garcia284@mail.com,305326
285,Maria.Thompson285@mail.com,963803
286,Mark.Thompson286@mail.com,760438
287,Patricia.Williams287@mail.com,796717
288,William.Smith288@mail.com,967732
289,Michael.Miller289@mail.com,783540
290,James.Rodriguez290@mail.com,208775
291,John.Miller291@mail.com,1670
292,Patricia.Williams292@mail.com,18982
293,Mark.Jones293@mail.com,253797
294,Jennifer.Thompson294@mail.com,866715
295,Thomas.Smith295@mail.com,151691
296,Robert.Williams296@mail.com,211076
297,Maria.Davis297@mail.com,690894
298,James.Smith298@mail.com,326720
299,David.Brown299@mail.com,31994
300,Mary.Thomas300@mail.com,585545
301,Robert.Williams301@mail.com,949587
302,Jennifer.Jackson302@mail.com,883646
303,William.Jones303@mail.com,110749
304,James.Moore304@mail.com,336717
305,Mary.Taylor305@mail.com,625762
306,Jennifer.Davis306@mail.com,339514
307,Michael.Jackson307@mail.com,47497
308,Barbara.Thompson308@mail.com,117573
309,Daniel.Miller309@mail.com,999621
310,Patricia.Brown310@mail.com,258181
311,Richard.Lee311@mail.com,127935
312,Mark.Garcia312@mail.com,930670
313,Charles.Moore313@mail.com,94446
314,Elizabeth.Thompson314@mail.com,211868
315,Charles.Brown315@mail.com,649202
316,Mark.Davis316@mail.com,71661
317,Mary.Johnson317@mail.com,121113
318,Susan.Smith318@mail.com,781962
319,Patricia.Garcia319@mail.com,257562
320,Thomas.Brown320@mail.com,764904
321,Mark.White321@mail.com,493579
322,Barbara.Wilson322@mail.com,685506
323,Charles.Rodriguez323@mail.com,633303
324,David.Garcia324@mail.com,890869
325,Susan.Anderson325@mail.com,205368
326,David.Taylor326@mail.com,450267
327,Elizabeth.White327@mail.com,4011
328,Joseph.Johnson328@mail.com,870848
329,Mark.Taylor329@mail.com,27149
330,Maria.Johnson330@mail.com,848468
331,Elizabeth.Johnson331@mail.com,313349
332,Maria.Taylor332@mail.com,66204
333,Linda.Smith333@mail.com,839790
334,James.Wilson334@mail.com,562915
335,Jennifer.Lee335@mail.com,511101
336,Linda.White336@mail.com,775754
337,Jennifer.Miller337@mail.com,714475
338,Barbara.Anderson338@mail.com,985862
339,Mark.Davis339@mail.com,290993
340,Charles.Williams340@mail.com,379098
341,Daniel.Anderson341@mail.com,770105
342,Linda.Anderson342@mail.com,432460
343,Robert.Jackson343@mail.com,805631
344,Charles.Thompson344@mail.com,371785
345,Barbara.Rodriguez345@mail.com,156197
346,Mark.Wilson346@mail.com,775532
347,David.Miller347@mail.com,108284
348,Patricia.Anderson348@mail.com,568255
349,David.Moore349@mail.com,645872
350,Richard.Davis350@mail.com,26839
351,Barbara.Garcia351@mail.com,924042
352,Elizabeth.Moore352@mail.com,475948
353,Linda.Smith353@mail.com,700228
354,Mary.Johnson354@mail.com,304123
355,Thomas.Lee355@mail.com,559113
356,Charles.Martin356@mail.com,441999
357,Richard.Brown357@mail.com,808676
358,Mark.Thomas358@mail.com,160616
359,John.Thompson359@mail.com,735172
360,Charles.White360@mail.com,878740
361,Susan.Rodriguez361@mail.com,707026
362,William.Brown362@mail.com,283174
363,Michael.Wilson363@mail.com,819024
364,Barbara.Thomas364@mail.com,132405
365,William.Jackson365@mail.com,899798
366,Mary.Thomas366@mail.com,694188
367,James.Garcia367@mail.com,348251
368,David.Rodriguez368@mail.com,595765
369,Mark.Brown369@mail.com,970720
370,Daniel.Jones370@mail.com,347338
371,Patricia.Davis371@mail.com,144325
372,Maria.Anderson372@mail.com,645946
373,William.Johnson373@mail.com,662639
374,Linda.Brown374@mail.com,873013
375,Mark.Wilson375@mail.com,764663
376,David.Anderson376@mail.com,876968
377,William.Jackson377@mail.com,349802
378,Mary.Garcia378@mail.com,907393
379,Charles.Jones379@mail.com,132480
380,Susan.Lee380@mail.com,331876
381,David.Martin381@mail.com,801016
382,William.Martin382@mail.com,991646
383,Linda.Davis383@mail.com,215558
384,John.Garcia384@mail.com,803002
385,Jennifer.Smith385@mail.com,699602
386,Robert.Thomas386@mail.com,137040
387,John.Johnson387@mail.com,752324
388,Thomas.Miller388@mail.com,169186
389,James.Wilson389@mail.com,629054
390,Charles.Davis390@mail.com,431757
391,Charles.Brown391@mail.com,185293
392,James.Davis392@mail.com,659169
393,Jennifer.Garcia393@mail.com,542949
394,William.White394@mail.com,413334
395,Patricia.Smith395@mail.com,773493
396,Jennifer.Moore396@mail.com,144055
397,John.Anderson397@mail.com,403407
398,Jennifer.Miller398@mail.com,37043
399,Linda.Miller399@mail.com,19565
400,David.Garcia400@mail.com,538267
401,Charles.Garcia401@mail.com,532068
402,Linda.Williams402@mail.com,413520
403,William.Lee403@mail.com,624029
404,Patricia.Davis404@mail.com,190175
405,Joseph.Rodriguez405@mail.com,981158
406,Jennifer.Martinez406@mail.com,267345
407,Robert.Martinez407@mail.com,470025
408,Maria.Thomas408@mail.com,62453
409,Jennifer.Martin409@mail.com,955683
410,David.Anderson410@mail.com,131543
411,Jennifer.Jackson411@mail.com,789611
412,Susan.Martinez412@mail.com,143423
413,Michael.Jones413@mail.com,668278
414,Joseph.Thomas414@mail.com,365876
415,Barbara.Miller415@mail.com,699311
416,Jennifer.Thomas416@mail.com,725733
417,Joseph.Davis417@mail.com,786746
418,Daniel.Smith418@mail.com,437450
419,Daniel.Jackson419@mail.com,765975
420,Mary.Garcia420@mail.com,675788
421,Jennifer.Jackson421@mail.com,337241
422,Maria.Wilson422@mail.com,333818
423,Susan.Williams423@mail.com,403482
424,David.Martinez424@mail.com,813998
425,Barbara.Taylor425@mail.com,193994
426,Patricia.Jackson426@mail.com,820883
427,Susan.Jackson427@mail.com,948679
428,John.Anderson428@mail.com,333302
429,William.Taylor429@mail.com,718383
430,William.Smith430@mail.com,397597
431,James.Rodriguez431@mail.com,969240
432,Maria.Jackson432@mail.com,478792
433,Thomas.Miller433@mail.com,437347
434,Mary.Taylor434@mail.com,954070
435,Robert.Williams435@mail.com,800572
436,Mark.Jackson436@mail.com,935711
437,Maria.Taylor437@mail.com,457488
438,Robert.Garcia438@mail.com,882957
439,Jennifer.Williams439@mail.com,841799
440,William.Garcia440@mail.com,448394
441,Maria.White441@mail.com,51432
442,Mary.White442@mail.com,23932
443,Patricia.Taylor443@mail.com,91900
444,Patricia.Anderson444@mail.com,608397
445,Elizabeth.Lee445@mail.com,843099
446,Michael.Garcia446@mail.com,12905
447,Maria.Jones447@mail.com,305335
448,Michael.Wilson448@mail.com,539706
449,Robert.Jackson449@mail.com,253304
450,Susan.Williams450@mail.com,497611
451,Thomas.Lee451@mail.com,547524
452,Thomas.Garcia452@mail.com,248631
453,Patricia.Johnson453@mail.com,46541
454,David.Garcia454@mail.com,124904
455,Richard.Taylor455@mail.com,604984
456,Thomas.Jackson456@mail.com,947956
457,John.Williams457@mail.com,585715
458,William.Anderson458@mail.com,243411
459,Jennifer.Smith459@mail.com,168894
460,David.Anderson460@mail.com,994301
461,Barbara.Garcia461@mail.com,347667
462,Linda.Johnson462@mail.com,594944
463,William.White463@mail.com,416828
464,Daniel.Davis464@mail.com,165180
465,Charles.Jackson465@mail.com,873448
466,Elizabeth.Wilson466@mail.com,121771
467,James.Taylor467@mail.com,327620
468,Jennifer.White468@mail.com,617022
469,Linda.Lee469@mail.com,342825
470,James.Brown470@mail.com,5586
471,John.Martin471@mail.com,591507
472,Daniel.Brown472@mail.com,734282
473,Patricia.Martinez473@mail.com,260762
474,Jennifer.Davis474@mail.com,288608
475,Susan.Wilson475@mail.com,916164
476,Robert.Garcia476@mail.com,177822
477,Jennifer.Taylor477@mail.com,565623
478,Barbara.Johnson478@mail.com,580368
479,John.Smith479@mail.com,953220
480,Robert.Anderson480@mail.com,5199
481,Linda.Taylor481@mail.com,908931
482,Joseph.Moore482@mail.com,88945
483,David.Taylor483@mail.com,254016
484,Patricia.Jackson484@mail.com,221291
485,Robert.Wilson485@mail.com,412890
486,Barbara.Brown486@mail.com,963026
487,Daniel.Martinez487@mail.com,47742
488,Charles.Rodriguez488@mail.com,599553
489,Joseph.Anderson489@mail.com,660824
490,Charles.Brown490@mail.com,644817
491,Maria.Davis491@mail.com,780217
492,Thomas.Johnson492@mail.com,422446
493,Joseph.Anderson493@mail.com,531217
494,James.Thompson494@mail.com,89769
495,Michael.Wilson495@mail.com,215607
496,Michael.Jackson496@mail.com,765886
497,Linda.Martin497@mail.com,643711
498,Barbara.Smith498@mail.com,27272
499,Patricia.Martinez499@mail.com,656100
