,Name
0,Inclusion1
1,Inclusion2
2,Inclusion3
3,Inclusion4
4,Inclusion5
5,Inclusion6
6,Inclusion7
7,Inclusion8
8,Inclusion9
9,Inclusion10
10,Inclusion11
11,Inclusion12
12,Inclusion13
13,Inclusion14
14,Inclusion15
15,Inclusion16
16,Inclusion17
17,Inclusion18
18,Inclusion19
19,Inclusion20
20,Inclusion21
21,Inclusion22
22,Inclusion23
23,Inclusion24
24,Inclusion25
25,Inclusion26
26,Inclusion27
27,Inclusion28
28,Inclusion29
29,Inclusion30
30,Inclusion31
31,Inclusion32
32,Inclusion33
33,Inclusion34
34,Inclusion35
35,Inclusion36
36,Inclusion37
37,Inclusion38
38,Inclusion39
39,Inclusion40
40,Inclusion41
41,Inclusion42
42,Inclusion43
43,Inclusion44
44,Inclusion45
45,Inclusion46
46,Inclusion47
47,Inclusion48
48,Inclusion49
49,Inclusion50
